term,replacement
机密,**
绝密,**
内部资料,**
内部文件,**
内部密码,**
账号密码,**
数据库口令,**
访问令牌,**
API密钥,**
私钥,**
root密码,**
管理员密码,**
源代码泄露,**
涉密文件,**
保密协议,**
身份证号,**
银行卡号,**
手机号,**
住址信息,**
客户名单,**
商业秘密,**
军事机密,**
保密项目,**
砍人,**
杀人,**
自制炸弹,**
爆炸装置,**
恐怖袭击,**
暴恐,**
血洗,**
屠杀,**
枪击,**
火拼,**
绑架,**
斩首,**
投毒,**
纵火,**
袭警,**
反政府,**
颠覆国家政权,**
煽动颠覆,**
分裂国家,**
非法集会,**
暴乱,**
极端组织,**
暴力革命,**
恐怖组织,**
反动宣传,**
邪教组织,**
反党,**
反社会,**
妈的,**
操你妈,**
滚你妈,**
傻逼,**
煞笔,**
脑残,**
狗东西,**
王八蛋,**
混蛋,**
畜生,**
垃圾玩意,**
去死,**
贱人,**
白痴,**
死全家,**
强奸,**
轮奸,**
奸杀,**
虐杀,**
灭口,**
灭门,**
报复社会,**
持刀伤人,**
持枪伤人,**
炸学校,**
炸医院,**
炸政府,**
做人肉炸弹,**
爆破教学,**
制爆,**
造枪,**
改枪,**
军火交易,**
买枪,**
卖枪,**
走私枪支,**
袭击平民,**
校园枪击,**
汽车炸弹,**
人体炸弹,**
仇杀,**
黑吃黑火拼,**
直播杀人,**
灭迹,**
藏尸,**
碎尸,**
极端思想,**
圣战,**
基地组织,**
伊斯兰国,**
法轮功,**
东突,**
台独,**
港独,**
疆独,**
藏独,**
颜色革命,**
推翻政权,**
非法游行,**
聚众冲击,**
颠覆政府,**
境外敌对势力,**
散布反动言论,**
造反,**
恐袭预告,**
反华宣传,**
颠覆活动,**
煽动暴乱,**
颠覆性言论,**
你妈死了,**
草泥马,**
操蛋,**
他妈的,**
尼玛,**
妈逼,**
装逼,**
沙雕,**
智障,**
废物,**
臭傻逼,**
狗娘养的,**
滚蛋,**
找死,**
婊子,**
骚货,**
臭婊子,**
死变态,**
神经病,**
二百五,**
蠢货,**
废柴,**
烂人,**
约炮,**
嫖娼,**
卖淫,**
援交,**
色情服务,**
裸聊,**
黄色网站,**
成人视频,**
无码,**
偷拍裸照,**
迷奸,**
春药,**
催情药,**
性奴,**
乱伦,**
兽交,**
开房记录,**
赌博网站,**
博彩平台,**
赌球,**
六合彩,**
地下赌场,**
刷单诈骗,**
兼职诈骗,**
跑分洗钱,**
洗钱,**
地下钱庄,**
电信诈骗,**
杀猪盘,**
网赌,**
黑彩平台,**
代开发票,**
假证办理,**
办假证,**
假币,**
毒品交易,**
冰毒,**
海洛因,**
可卡因,**
麻古,**
摇头丸,**
K粉,**
贩毒,**
制毒,**
吸毒,**
毒资,**
毒品配方,**
种植大麻,**
勒索软件,**
木马程序,**
钓鱼网站,**
撞库,**
拖库,**
社工库,**
破解密码,**
破解教程,**
越权访问,**
注入攻击,**
渗透攻击,**
DDoS攻击,**
肉鸡,**
后门程序,**
免杀,**
远控木马,**
盗号,**
撞库脚本,**
撞库工具,**
渗透工具,**
爆破工具,**
拿shell,**
提权,**
VPN账号,**
翻墙账号,**
内部邮箱,**
员工花名册,**
工资明细,**
涉密会议纪要,**
涉密数据,**
加密狗,**
专网信息,**
未公开方案,**
招投标底稿,**
客户隐私,**
人脸数据,**
生物特征数据,**
医疗隐私,**
病历信息,**
财务报表未公开,**
审计底稿,**
测试账号,**
生产账号,**
运维口令,**
服务器密码,**
数据库连接串,**
AccessKey,**
SecretKey,**
token泄露,**
源码仓库地址,**
内网地址,**
堡垒机密码,**
